constructor,constructor_nationality,constructor_dnf
Mercedes,Germany,0.1009463722397476
McLaren,UK,0.1625730994152046
Williams,UK,0.1143523920653442
Alfa Romeo,Swiss,0.1395076201641266
Alpine F1 Team,France,0.1328767123287671
Ferrari,Italy,0.0897435897435897
AlphaTauri,Italy,0.2213197969543147
Red Bull,Austria,0.1632390745501285
Haas F1 Team,USA,0.1365461847389558
Aston Martin,UK,0.1446907817969661
